series_id,display_name,short_name,category,sector,currency_or_unit,source,coverage_start,coverage_end,notes
ADRO,PT Alamtri Resources Indonesia Tbk,ADRO,stock,Energy / Coal,IDR,https://query1.finance.yahoo.com/v8/finance/chart/ADRO.JK?range=20y&interval=1mo,2010-01-01,2026-08-01,Monthly close from Yahoo Finance; provider split adjustments; excludes cash dividends.
ANTM,PT Antam (Persero) Tbk,ANTM,stock,Metals & Mining,IDR,https://query1.finance.yahoo.com/v8/finance/chart/ANTM.JK?range=20y&interval=1mo,2010-01-01,2026-08-01,Monthly close from Yahoo Finance; provider split adjustments; excludes cash dividends.
ASII,PT Astra International Tbk,ASII,stock,Conglomerate / Industrials,IDR,https://query1.finance.yahoo.com/v8/finance/chart/ASII.JK?range=20y&interval=1mo,2010-01-01,2026-08-01,Monthly close from Yahoo Finance; provider split adjustments; excludes cash dividends.
BBCA,PT Bank Central Asia Tbk,BBCA,stock,Banks,IDR,https://query1.finance.yahoo.com/v8/finance/chart/BBCA.JK?range=20y&interval=1mo,2010-01-01,2026-08-01,Monthly close from Yahoo Finance; provider split adjustments; excludes cash dividends.
BBNI,PT Bank Negara Indonesia (Persero) Tbk,BBNI,stock,Banks,IDR,https://query1.finance.yahoo.com/v8/finance/chart/BBNI.JK?range=20y&interval=1mo,2010-01-01,2026-08-01,Monthly close from Yahoo Finance; provider split adjustments; excludes cash dividends.
BBRI,PT Bank Rakyat Indonesia (Persero) Tbk,BBRI,stock,Banks,IDR,https://query1.finance.yahoo.com/v8/finance/chart/BBRI.JK?range=20y&interval=1mo,2010-01-01,2026-08-01,Monthly close from Yahoo Finance; provider split adjustments; excludes cash dividends.
BMRI,PT Bank Mandiri (Persero) Tbk,BMRI,stock,Banks,IDR,https://query1.finance.yahoo.com/v8/finance/chart/BMRI.JK?range=20y&interval=1mo,2010-01-01,2026-08-01,Monthly close from Yahoo Finance; provider split adjustments; excludes cash dividends.
GOTO,PT GoTo Gojek Tokopedia Tbk,GOTO,stock,Technology / Internet,IDR,https://query1.finance.yahoo.com/v8/finance/chart/GOTO.JK?range=20y&interval=1mo,2022-05-01,2026-08-01,Monthly close from Yahoo Finance; provider split adjustments; excludes cash dividends.
ICBP,PT Indofood CBP Sukses Makmur Tbk,ICBP,stock,Consumer Staples,IDR,https://query1.finance.yahoo.com/v8/finance/chart/ICBP.JK?range=20y&interval=1mo,2010-01-01,2026-08-01,Monthly close from Yahoo Finance; provider split adjustments; excludes cash dividends.
INCO,PT Vale Indonesia Tbk,INCO,stock,Metals & Mining,IDR,https://query1.finance.yahoo.com/v8/finance/chart/INCO.JK?range=20y&interval=1mo,2010-01-01,2026-08-01,Monthly close from Yahoo Finance; provider split adjustments; excludes cash dividends.
ISAT,PT Indosat Tbk,ISAT,stock,Telecom,IDR,https://query1.finance.yahoo.com/v8/finance/chart/ISAT.JK?range=20y&interval=1mo,2010-01-01,2026-08-01,Monthly close from Yahoo Finance; provider split adjustments; excludes cash dividends.
ITMG,PT Indo Tambangraya Megah Tbk,ITMG,stock,Energy / Coal,IDR,https://query1.finance.yahoo.com/v8/finance/chart/ITMG.JK?range=20y&interval=1mo,2010-01-01,2026-08-01,Monthly close from Yahoo Finance; provider split adjustments; excludes cash dividends.
MDKA,PT Merdeka Copper Gold Tbk,MDKA,stock,Metals & Mining,IDR,https://query1.finance.yahoo.com/v8/finance/chart/MDKA.JK?range=20y&interval=1mo,2015-07-01,2026-08-01,Monthly close from Yahoo Finance; provider split adjustments; excludes cash dividends.
PTBA,PT Bukit Asam (Persero) Tbk,PTBA,stock,Energy / Coal,IDR,https://query1.finance.yahoo.com/v8/finance/chart/PTBA.JK?range=20y&interval=1mo,2010-01-01,2026-08-01,Monthly close from Yahoo Finance; provider split adjustments; excludes cash dividends.
TLKM,Perusahaan Perseroan (Persero) PT Telekomunikasi Indonesia Tbk,TLKM,stock,Telecom,IDR,https://query1.finance.yahoo.com/v8/finance/chart/TLKM.JK?range=20y&interval=1mo,2010-01-01,2026-08-01,Monthly close from Yahoo Finance; provider split adjustments; excludes cash dividends.
UNVR,PT Unilever Indonesia Tbk,UNVR,stock,Consumer Staples,IDR,https://query1.finance.yahoo.com/v8/finance/chart/UNVR.JK?range=20y&interval=1mo,2010-01-01,2026-08-01,Monthly close from Yahoo Finance; provider split adjustments; excludes cash dividends.
AMRT,PT Sumber Alfaria Trijaya Tbk,AMRT,stock,Retail,IDR,https://query1.finance.yahoo.com/v8/finance/chart/AMRT.JK?range=20y&interval=1mo,2010-01-01,2026-08-01,Monthly close from Yahoo Finance; provider split adjustments; excludes cash dividends.
ARTO,PT Bank Jago Tbk,ARTO,stock,Banks,IDR,https://query1.finance.yahoo.com/v8/finance/chart/ARTO.JK?range=20y&interval=1mo,2016-02-01,2026-08-01,Monthly close from Yahoo Finance; provider split adjustments; excludes cash dividends.
BBTN,PT Bank Tabungan Negara (Persero) Tbk,BBTN,stock,Banks,IDR,https://query1.finance.yahoo.com/v8/finance/chart/BBTN.JK?range=20y&interval=1mo,2010-01-01,2026-08-01,Monthly close from Yahoo Finance; provider split adjustments; excludes cash dividends.
BRIS,PT Bank Syariah Indonesia Tbk,BRIS,stock,Banks,IDR,https://query1.finance.yahoo.com/v8/finance/chart/BRIS.JK?range=20y&interval=1mo,2018-06-01,2026-08-01,Monthly close from Yahoo Finance; provider split adjustments; excludes cash dividends.
BTPS,PT Bank BTPN Syariah Tbk,BTPS,stock,Banks,IDR,https://query1.finance.yahoo.com/v8/finance/chart/BTPS.JK?range=20y&interval=1mo,2018-06-01,2026-08-01,Monthly close from Yahoo Finance; provider split adjustments; excludes cash dividends.
BNGA,PT Bank CIMB Niaga Tbk,BNGA,stock,Banks,IDR,https://query1.finance.yahoo.com/v8/finance/chart/BNGA.JK?range=20y&interval=1mo,2010-01-01,2026-08-01,Monthly close from Yahoo Finance; provider split adjustments; excludes cash dividends.
BNLI,PT Bank Permata Tbk,BNLI,stock,Banks,IDR,https://query1.finance.yahoo.com/v8/finance/chart/BNLI.JK?range=20y&interval=1mo,2010-01-01,2026-08-01,Monthly close from Yahoo Finance; provider split adjustments; excludes cash dividends.
BRPT,PT Barito Pacific Tbk,BRPT,stock,Industrials,IDR,https://query1.finance.yahoo.com/v8/finance/chart/BRPT.JK?range=20y&interval=1mo,2010-01-01,2026-08-01,Monthly close from Yahoo Finance; provider split adjustments; excludes cash dividends.
CPIN,PT Charoen Pokphand Indonesia Tbk,CPIN,stock,Food & Agriculture,IDR,https://query1.finance.yahoo.com/v8/finance/chart/CPIN.JK?range=20y&interval=1mo,2010-01-01,2026-08-01,Monthly close from Yahoo Finance; provider split adjustments; excludes cash dividends.
EMTK,PT Elang Mahkota Teknologi Tbk,EMTK,stock,Media & Technology,IDR,https://query1.finance.yahoo.com/v8/finance/chart/EMTK.JK?range=20y&interval=1mo,2010-02-01,2026-08-01,Monthly close from Yahoo Finance; provider split adjustments; excludes cash dividends.
ERAA,PT Erajaya Swasembada Tbk,ERAA,stock,Retail,IDR,https://query1.finance.yahoo.com/v8/finance/chart/ERAA.JK?range=20y&interval=1mo,2012-01-01,2026-08-01,Monthly close from Yahoo Finance; provider split adjustments; excludes cash dividends.
EXCL,PT XLSMART Telecom Sejahtera Tbk,EXCL,stock,Telecom,IDR,https://query1.finance.yahoo.com/v8/finance/chart/EXCL.JK?range=20y&interval=1mo,2010-01-01,2026-08-01,Monthly close from Yahoo Finance; provider split adjustments; excludes cash dividends.
INDF,PT Indofood Sukses Makmur Tbk,INDF,stock,Consumer Staples,IDR,https://query1.finance.yahoo.com/v8/finance/chart/INDF.JK?range=20y&interval=1mo,2010-01-01,2026-08-01,Monthly close from Yahoo Finance; provider split adjustments; excludes cash dividends.
INTP,PT Indocement Tunggal Prakarsa Tbk,INTP,stock,Construction Materials,IDR,https://query1.finance.yahoo.com/v8/finance/chart/INTP.JK?range=20y&interval=1mo,2010-01-01,2026-08-01,Monthly close from Yahoo Finance; provider split adjustments; excludes cash dividends.
JPFA,PT Japfa Comfeed Indonesia Tbk,JPFA,stock,Food & Agriculture,IDR,https://query1.finance.yahoo.com/v8/finance/chart/JPFA.JK?range=20y&interval=1mo,2010-01-01,2026-08-01,Monthly close from Yahoo Finance; provider split adjustments; excludes cash dividends.
KLBF,PT Kalbe Farma Tbk.,KLBF,stock,Healthcare,IDR,https://query1.finance.yahoo.com/v8/finance/chart/KLBF.JK?range=20y&interval=1mo,2010-01-01,2026-08-01,Monthly close from Yahoo Finance; provider split adjustments; excludes cash dividends.
MAPI,PT. Mitra Adiperkasa Tbk,MAPI,stock,Retail,IDR,https://query1.finance.yahoo.com/v8/finance/chart/MAPI.JK?range=20y&interval=1mo,2010-01-01,2026-08-01,Monthly close from Yahoo Finance; provider split adjustments; excludes cash dividends.
MEDC,PT Medco Energi Internasional Tbk,MEDC,stock,Energy,IDR,https://query1.finance.yahoo.com/v8/finance/chart/MEDC.JK?range=20y&interval=1mo,2010-01-01,2026-08-01,Monthly close from Yahoo Finance; provider split adjustments; excludes cash dividends.
PGAS,PT Perusahaan Gas Negara (Persero) Tbk,PGAS,stock,Energy,IDR,https://query1.finance.yahoo.com/v8/finance/chart/PGAS.JK?range=20y&interval=1mo,2010-01-01,2026-08-01,Monthly close from Yahoo Finance; provider split adjustments; excludes cash dividends.
SMGR,PT Semen Indonesia (Persero) Tbk,SMGR,stock,Construction Materials,IDR,https://query1.finance.yahoo.com/v8/finance/chart/SMGR.JK?range=20y&interval=1mo,2010-01-01,2026-08-01,Monthly close from Yahoo Finance; provider split adjustments; excludes cash dividends.
UNTR,PT United Tractors Tbk,UNTR,stock,Industrials,IDR,https://query1.finance.yahoo.com/v8/finance/chart/UNTR.JK?range=20y&interval=1mo,2010-01-01,2026-08-01,Monthly close from Yahoo Finance; provider split adjustments; excludes cash dividends.
TOWR,PT Sarana Menara Nusantara Tbk.,TOWR,stock,Infrastructure,IDR,https://query1.finance.yahoo.com/v8/finance/chart/TOWR.JK?range=20y&interval=1mo,2010-04-01,2026-08-01,Monthly close from Yahoo Finance; provider split adjustments; excludes cash dividends.
TBIG,PT Tower Bersama Infrastructure Tbk,TBIG,stock,Infrastructure,IDR,https://query1.finance.yahoo.com/v8/finance/chart/TBIG.JK?range=20y&interval=1mo,2010-11-01,2026-08-01,Monthly close from Yahoo Finance; provider split adjustments; excludes cash dividends.
SIDO,PT Industri Jamu dan Farmasi Sido Muncul Tbk,SIDO,stock,Healthcare,IDR,https://query1.finance.yahoo.com/v8/finance/chart/SIDO.JK?range=20y&interval=1mo,2014-01-01,2026-08-01,Monthly close from Yahoo Finance; provider split adjustments; excludes cash dividends.
MNCN,PT. Media Nusantara Citra Tbk,MNCN,stock,Media,IDR,https://query1.finance.yahoo.com/v8/finance/chart/MNCN.JK?range=20y&interval=1mo,2010-01-01,2026-08-01,Monthly close from Yahoo Finance; provider split adjustments; excludes cash dividends.
BSDE,PT Bumi Serpong Damai Tbk,BSDE,stock,Property,IDR,https://query1.finance.yahoo.com/v8/finance/chart/BSDE.JK?range=20y&interval=1mo,2010-01-01,2026-08-01,Monthly close from Yahoo Finance; provider split adjustments; excludes cash dividends.
CTRA,PT Ciputra Development Tbk,CTRA,stock,Property,IDR,https://query1.finance.yahoo.com/v8/finance/chart/CTRA.JK?range=20y&interval=1mo,2010-01-01,2026-08-01,Monthly close from Yahoo Finance; provider split adjustments; excludes cash dividends.
PWON,PT Pakuwon Jati Tbk,PWON,stock,Property,IDR,https://query1.finance.yahoo.com/v8/finance/chart/PWON.JK?range=20y&interval=1mo,2010-01-01,2026-08-01,Monthly close from Yahoo Finance; provider split adjustments; excludes cash dividends.
AKRA,PT AKR Corporindo Tbk,AKRA,stock,Logistics & Energy,IDR,https://query1.finance.yahoo.com/v8/finance/chart/AKRA.JK?range=20y&interval=1mo,2010-01-01,2026-08-01,Monthly close from Yahoo Finance; provider split adjustments; excludes cash dividends.
ESSA,PT ESSA Industries Indonesia Tbk.,ESSA,stock,Energy & Chemicals,IDR,https://query1.finance.yahoo.com/v8/finance/chart/ESSA.JK?range=20y&interval=1mo,2012-02-01,2026-08-01,Monthly close from Yahoo Finance; provider split adjustments; excludes cash dividends.
PTPP,PT PP (Persero) Tbk,PTPP,stock,Construction,IDR,https://query1.finance.yahoo.com/v8/finance/chart/PTPP.JK?range=20y&interval=1mo,2010-03-01,2026-08-01,Monthly close from Yahoo Finance; provider split adjustments; excludes cash dividends.
SMRA,PT Summarecon Agung Tbk,SMRA,stock,Property,IDR,https://query1.finance.yahoo.com/v8/finance/chart/SMRA.JK?range=20y&interval=1mo,2010-01-01,2026-08-01,Monthly close from Yahoo Finance; provider split adjustments; excludes cash dividends.
HEAL,PT Medikaloka Hermina Tbk,HEAL,stock,Healthcare,IDR,https://query1.finance.yahoo.com/v8/finance/chart/HEAL.JK?range=20y&interval=1mo,2018-06-01,2026-08-01,Monthly close from Yahoo Finance; provider split adjustments; excludes cash dividends.
MIKA,PT Mitra Keluarga Karyasehat Tbk,MIKA,stock,Healthcare,IDR,https://query1.finance.yahoo.com/v8/finance/chart/MIKA.JK?range=20y&interval=1mo,2015-04-01,2026-08-01,Monthly close from Yahoo Finance; provider split adjustments; excludes cash dividends.
IHSG,Indonesia Composite (IHSG),IHSG,index,Market index,index points,https://query1.finance.yahoo.com/v8/finance/chart/%5EJKSE?range=20y&interval=1mo,2010-01-01,2026-08-01,Monthly close from Yahoo Finance; provider split adjustments; excludes cash dividends.
LQ45,LQ45,LQ45,index,Market index,index points,https://query1.finance.yahoo.com/v8/finance/chart/%5EJKLQ45?range=20y&interval=1mo,2010-01-01,2026-08-01,Monthly close from Yahoo Finance; provider split adjustments; excludes cash dividends.
USDIDR,US Dollar,US Dollar,fx,Currency,IDR per USD,https://query1.finance.yahoo.com/v8/finance/chart/IDR%3DX?range=20y&interval=1mo,2010-01-01,2026-08-01,Monthly close from Yahoo Finance; provider split adjustments; excludes cash dividends.
EURIDR,Euro,Euro,fx,Currency,IDR per EUR,https://query1.finance.yahoo.com/v8/finance/chart/EURIDR%3DX?range=20y&interval=1mo,2010-01-01,2026-08-01,Monthly close from Yahoo Finance; provider split adjustments; excludes cash dividends.
JPYIDR,Japanese Yen,Japanese Yen,fx,Currency,IDR per JPY,https://query1.finance.yahoo.com/v8/finance/chart/JPYIDR%3DX?range=20y&interval=1mo,2010-01-01,2026-08-01,Monthly close from Yahoo Finance; provider split adjustments; excludes cash dividends.
GOLD,Gold,Gold,commodity,Commodity,USD per troy ounce,https://thedocs.worldbank.org/en/doc/74e8be41ceb20fa0da750cda2f6b9e4e-0050012026/related/CMO-Historical-Data-Monthly.xlsx,2010-01-01,2026-08-01,World Bank Pink Sheet monthly average; illustrative comparison with month-end financial prices.
OIL_WTI,WTI Oil,WTI Oil,commodity,Commodity,USD per barrel,https://thedocs.worldbank.org/en/doc/74e8be41ceb20fa0da750cda2f6b9e4e-0050012026/related/CMO-Historical-Data-Monthly.xlsx,2010-01-01,2026-08-01,World Bank Pink Sheet monthly average; illustrative comparison with month-end financial prices.
COAL,Coal,Coal,commodity,Commodity,USD per metric ton,https://thedocs.worldbank.org/en/doc/74e8be41ceb20fa0da750cda2f6b9e4e-0050012026/related/CMO-Historical-Data-Monthly.xlsx,2010-01-01,2026-08-01,World Bank Pink Sheet monthly average; illustrative comparison with month-end financial prices.
NICKEL,Nickel,Nickel,commodity,Commodity,USD per metric ton,https://thedocs.worldbank.org/en/doc/74e8be41ceb20fa0da750cda2f6b9e4e-0050012026/related/CMO-Historical-Data-Monthly.xlsx,2010-01-01,2026-08-01,World Bank Pink Sheet monthly average; illustrative comparison with month-end financial prices.
PALM_OIL,Palm Oil,Palm Oil,commodity,Commodity,USD per metric ton,https://thedocs.worldbank.org/en/doc/74e8be41ceb20fa0da750cda2f6b9e4e-0050012026/related/CMO-Historical-Data-Monthly.xlsx,2010-01-01,2026-08-01,World Bank Pink Sheet monthly average; illustrative comparison with month-end financial prices.
RICE,Rice,Rice,commodity,Commodity,USD per metric ton,https://thedocs.worldbank.org/en/doc/74e8be41ceb20fa0da750cda2f6b9e4e-0050012026/related/CMO-Historical-Data-Monthly.xlsx,2010-01-01,2026-08-01,World Bank Pink Sheet monthly average; illustrative comparison with month-end financial prices.
